Market_and_Exchange_Names,As_of_Date_In_Form_YYMMDD,Report_Date_as_YYYY-MM-DD,CFTC_Contract_Market_Code,CFTC_Market_Code,CFTC_Region_Code,CFTC_Commodity_Code,Open_Interest_All,Dealer_Positions_Long_All,Dealer_Positions_Short_All,Dealer_Positions_Spread_All,Asset_Mgr_Positions_Long_All,Asset_Mgr_Positions_Short_All,Asset_Mgr_Positions_Spread_All,Lev_Money_Positions_Long_All,Lev_Money_Positions_Short_All,Lev_Money_Positions_Spread_All,Other_Rept_Positions_Long_All,Other_Rept_Positions_Short_All,Other_Rept_Positions_Spread_All,Tot_Rept_Positions_Long_All,Tot_Rept_Positions_Short_All,NonRept_Positions_Long_All,NonRept_Positions_Short_All,Change_in_Open_Interest_All,Change_in_Dealer_Long_All,Change_in_Dealer_Short_All,Change_in_Dealer_Spread_All,Change_in_Asset_Mgr_Long_All,Change_in_Asset_Mgr_Short_All,Change_in_Asset_Mgr_Spread_All,Change_in_Lev_Money_Long_All,Change_in_Lev_Money_Short_All,Change_in_Lev_Money_Spread_All,Change_in_Other_Rept_Long_All,Change_in_Other_Rept_Short_All,Change_in_Other_Rept_Spread_All,Change_in_Tot_Rept_Long_All,Change_in_Tot_Rept_Short_All,Change_in_NonRept_Long_All,Change_in_NonRept_Short_All,Pct_of_Open_Interest_All,Pct_of_OI_Dealer_Long_All,Pct_of_OI_Dealer_Short_All,Pct_of_OI_Dealer_Spread_All,Pct_of_OI_Asset_Mgr_Long_All,Pct_of_OI_Asset_Mgr_Short_All,Pct_of_OI_Asset_Mgr_Spread_All,Pct_of_OI_Lev_Money_Long_All,Pct_of_OI_Lev_Money_Short_All,Pct_of_OI_Lev_Money_Spread_All,Pct_of_OI_Other_Rept_Long_All,Pct_of_OI_Other_Rept_Short_All,Pct_of_OI_Other_Rept_Spread_All,Pct_of_OI_Tot_Rept_Long_All,Pct_of_OI_Tot_Rept_Short_All,Pct_of_OI_NonRept_Long_All,Pct_of_OI_NonRept_Short_All,Traders_Tot_All,Traders_Dealer_Long_All,Traders_Dealer_Short_All,Traders_Dealer_Spread_All,Traders_Asset_Mgr_Long_All,Traders_Asset_Mgr_Short_All,Traders_Asset_Mgr_Spread_All,Traders_Lev_Money_Long_All,Traders_Lev_Money_Short_All,Traders_Lev_Money_Spread_All,Traders_Other_Rept_Long_All,Traders_Other_Rept_Short_All,Traders_Other_Rept_Spread_All,Traders_Tot_Rept_Long_All,Traders_Tot_Rept_Short_All,Conc_Gross_LE_4_TDR_Long_All,Conc_Gross_LE_4_TDR_Short_All,Conc_Gross_LE_8_TDR_Long_All,Conc_Gross_LE_8_TDR_Short_All,Conc_Net_LE_4_TDR_Long_All,Conc_Net_LE_4_TDR_Short_All,Conc_Net_LE_8_TDR_Long_All,Conc_Net_LE_8_TDR_Short_All,Contract_Units,CFTC_Contract_Market_Code_Quotes,CFTC_Market_Code_Quotes,CFTC_Commodity_Code_Quotes,CFTC_SubGroup_Code,FutOnly_or_Combined
CANADIAN DOLLAR - CHICAGO MERCANTILE EXCHANGE,231226,2023-12-26,090741,CME ,0,90,176452,54552,18238,390,50898,50621,3772,21041,75200,1441,9393,2598,609,142096,152869,34356,23583,  -37789,  -41280,  -10218,  -12226,   12633,  -13826,   -1027,    4049,    6003,   -2791,    -175,     285,     112,  -40705,  -33688,    2916,   -4101,100.0,30.9,10.3,0.2,28.8,28.7,2.1,11.9,42.6,0.8,5.3,1.5,0.3,80.5,86.6,19.5,13.4,111,      8,      6,.,     23,     20,      8,     15,     26,      7,      8,      5,.,66,64,40.5,30.9,51.8,45.8,40.3,30.9,51.1,45.5,"(CONTRACTS OF CAD 100,000)",090741,CME ,90,F10,FutOnly
CANADIAN DOLLAR - CHICAGO MERCANTILE EXCHANGE,231219,2023-12-19,090741,CME ,0,90,214241,95832,28456,12616,38265,64447,4799,16992,69197,4232,9568,2313,497,182801,186557,31440,27684,     368,  -10207,    8074,    4126,    3332,  -19691,   -2515,    6941,   21504,   -5016,     585,     468,      72,   -2682,    7022,    3050,   -6654,100.0,44.7,13.3,5.9,17.9,30.1,2.2,7.9,32.3,2.0,4.5,1.1,0.2,85.3,87.1,14.7,12.9,106,      9,      6,      7,     15,     23,      9,     15,     25,      8,      9,      4,.,63,69,47.7,33.2,58.3,47.0,47.0,32.7,53.9,42.9,"(CONTRACTS OF CAD 100,000)",090741,CME ,90,F10,FutOnly
CANADIAN DOLLAR - CHICAGO MERCANTILE EXCHANGE,231212,2023-12-12,090741,CME ,0,90,213873,106039,20382,8490,34933,84138,7314,10051,47693,9248,8983,1845,425,185483,179535,28390,34338,   16082,    2252,     -94,    7736,    1009,    1448,    2461,    1072,    1126,    3172,   -1398,     -51,     424,   16728,   16222,    -646,    -140,100.0,49.6,9.5,4.0,16.3,39.3,3.4,4.7,22.3,4.3,4.2,0.9,0.2,86.7,83.9,13.3,16.1,109,     12,.,      6,     13,     30,     11,     15,     26,     13,      8,.,.,60,80,48.8,24.6,60.7,36.6,46.4,24.6,55.6,35.6,"(CONTRACTS OF CAD 100,000)",090741,CME ,90,F10,FutOnly
CANADIAN DOLLAR - CHICAGO MERCANTILE EXCHANGE,231205,2023-12-05,090741,CME ,0,90,197791,103787,20476,754,33924,82690,4853,8979,46567,6076,10381,1896,1,168755,163313,29036,34478,   -3073,     351,     666,     452,    1802,   -2093,    -295,   -3813,   -1546,     -39,     -57,     109,      -5,   -1604,   -2751,   -1469,    -322,100.0,52.5,10.4,0.4,17.2,41.8,2.5,4.5,23.5,3.1,5.2,1.0,0.0,85.3,82.6,14.7,17.4,108,     11,.,.,     14,     29,      8,     11,     27,     10,     10,.,.,56,74,50.6,26.4,60.7,36.7,50.6,26.4,59.3,36.3,"(CONTRACTS OF CAD 100,000)",090741,CME ,90,F10,FutOnly
CANADIAN DOLLAR - CHICAGO MERCANTILE EXCHANGE,231128,2023-11-28,090741,CME ,0,90,200864,103436,19810,302,32122,84783,5148,12792,48113,6115,10438,1787,6,170359,166064,30505,34800,   -2384,   -1474,     417,     -42,    1427,    1194,   -1194,   -1504,   -2804,    1227,     132,     122,       0,   -1428,   -1080,    -956,   -1304,100.0,51.5,9.9,0.2,16.0,42.2,2.6,6.4,24.0,3.0,5.2,0.9,0.0,84.8,82.7,15.2,17.3,115,     11,.,.,     14,     33,     11,     15,     26,     11,     10,.,.,63,78,49.7,23.8,58.7,35.5,49.7,23.4,57.7,35.0,"(CONTRACTS OF CAD 100,000)",090741,CME ,90,F10,FutOnly
CANADIAN DOLLAR - CHICAGO MERCANTILE EXCHANGE,231121,2023-11-21,090741,CME ,0,90,203248,104910,19393,344,30695,83589,6342,14296,50917,4888,10306,1665,6,171787,167144,31461,36104,   -2798,   -6955,    1179,    -252,    1665,    -865,     883,    -549,   -3750,     531,    -383,    -134,       5,   -5055,   -2403,    2257,    -395,100.0,51.6,9.5,0.2,15.1,41.1,3.1,7.0,25.1,2.4,5.1,0.8,0.0,84.5,82.2,15.5,17.8,117,     11,.,.,     13,     35,     11,     14,     28,      9,     10,.,.,59,82,50.4,22.5,58.4,33.2,50.4,22.3,57.5,32.9,"(CONTRACTS OF CAD 100,000)",090741,CME ,90,F10,FutOnly
CANADIAN DOLLAR - CHICAGO MERCANTILE EXCHANGE,231114,2023-11-14,090741,CME ,0,90,206046,111865,18214,596,29030,84454,5459,14845,54667,4357,10689,1799,1,176842,169547,29204,36499,    5682,    7391,   -1346,      -5,     953,    4089,    -644,    -416,    3699,     363,     432,    -530,     -11,    8063,    5615,   -2381,      67,100.0,54.3,8.8,0.3,14.1,41.0,2.6,7.2,26.5,2.1,5.2,0.9,0.0,85.8,82.3,14.2,17.7,121,     12,.,.,     13,     33,     12,     17,     30,      8,     11,.,.,64,81,52.2,24.7,59.2,35.7,52.1,24.6,58.4,35.5,"(CONTRACTS OF CAD 100,000)",090741,CME ,90,F10,FutOnly
CANADIAN DOLLAR - CHICAGO MERCANTILE EXCHANGE,231107,2023-11-07,090741,CME ,0,90,200364,104474,19560,601,28077,80365,6103,15261,50968,3994,10257,2329,12,168779,163932,31585,36432,    1836,   11121,   -3691,     -12,    -977,   10976,    -436,   -6289,   -2129,     414,     324,     896,      -5,    4140,    6013,   -2304,   -4177,100.0,52.1,9.8,0.3,14.0,40.1,3.0,7.6,25.4,2.0,5.1,1.2,0.0,84.2,81.8,15.8,18.2,122,     12,.,.,     13,     34,     10,     19,     26,      7,     11,      4,.,63,81,50.9,26.5,58.0,36.7,50.9,26.4,57.2,36.5,"(CONTRACTS OF CAD 100,000)",090741,CME ,90,F10,FutOnly
CANADIAN DOLLAR - CHICAGO MERCANTILE EXCHANGE,231031,2023-10-31,090741,CME ,0,90,198528,93353,23251,613,29054,69389,6539,21550,53097,3580,9933,1433,17,164639,157919,33889,40609,   13781,    4502,   -2702,     122,   -1904,    9067,    1430,    4261,    1310,     750,    2550,     -25,      -4,   11707,    9948,    2074,    3833,100.0,47.0,11.7,0.3,14.6,35.0,3.3,10.9,26.7,1.8,5.0,0.7,0.0,82.9,79.5,17.1,20.5,118,     10,.,.,     14,     30,     12,     15,     33,      8,     10,.,.,60,83,48.7,25.6,56.7,37.4,48.7,25.4,56.3,37.2,"(CONTRACTS OF CAD 100,000)",090741,CME ,90,F10,FutOnly
CANADIAN DOLLAR - CHICAGO MERCANTILE EXCHANGE,231024,2023-10-24,090741,CME ,0,90,184747,88851,25953,491,30958,60322,5109,17289,51787,2830,7383,1458,21,152932,147971,31815,36776,     809,     322,    -338,     350,     -50,     454,     385,    1156,   -1405,    -600,     676,      -1,     -10,    2229,   -1165,   -1420,    1974,100.0,48.1,14.0,0.3,16.8,32.7,2.8,9.4,28.0,1.5,4.0,0.8,0.0,82.8,80.1,17.2,19.9,112,      9,      4,.,     13,     26,     11,     18,     31,      9,      8,.,.,58,79,51.0,27.3,59.1,39.9,51.0,27.1,58.7,39.8,"(CONTRACTS OF CAD 100,000)",090741,CME ,90,F10,FutOnly
CANADIAN DOLLAR - CHICAGO MERCANTILE EXCHANGE,231017,2023-10-17,090741,CME ,0,90,183938,88529,26291,141,31008,59868,4724,16133,53192,3430,6707,1459,31,150703,149136,33235,34802,    4581,     139,    1758,       6,    -569,     -25,     749,    1885,     879,    -354,    1205,     412,     -30,    3031,    3395,    1550,    1186,100.0,48.1,14.3,0.1,16.9,32.5,2.6,8.8,28.9,1.9,3.6,0.8,0.0,81.9,81.1,18.1,18.9,108,      8,      5,.,     13,     25,     10,     19,     28,     10,      7,.,.,55,77,51.1,26.1,58.5,38.4,51.1,25.9,57.6,38.2,"(CONTRACTS OF CAD 100,000)",090741,CME ,90,F10,FutOnly
CANADIAN DOLLAR - CHICAGO MERCANTILE EXCHANGE,231010,2023-10-10,090741,CME ,0,90,179357,88390,24533,135,31577,59893,3975,14248,52313,3784,5502,1047,61,147672,145741,31685,33616,  -10086,     119,  -13593,     -34,    1603,    1865,    -696,   -5435,    3506,     579,   -1018,     -10,       0,   -4882,   -8383,   -5204,   -1703,100.0,49.3,13.7,0.1,17.6,33.4,2.2,7.9,29.2,2.1,3.1,0.6,0.0,82.3,81.3,17.7,18.7,104,      8,      5,.,     15,     25,     10,     15,     28,     10,      6,.,.,53,75,52.8,27.5,60.2,39.0,52.8,27.3,59.3,38.8,"(CONTRACTS OF CAD 100,000)",090741,CME ,90,F10,FutOnly
CANADIAN DOLLAR - CHICAGO MERCANTILE EXCHANGE,231003,2023-10-03,090741,CME ,0,90,189443,88271,38126,169,29974,58028,4671,19683,48807,3205,6520,1057,61,152554,154124,36889,35319,   13595,    2695,     475,     -13,    1076,    6831,    -425,    6435,    2995,    -667,    1397,      -5,       7,   10505,    9198,    3090,    4397,100.0,46.6,20.1,0.1,15.8,30.6,2.5,10.4,25.8,1.7,3.4,0.6,0.0,80.5,81.4,19.5,18.6,108,      9,      5,.,     15,     25,     12,     17,     27,     10,      8,.,.,60,75,49.7,27.4,57.2,39.0,49.7,27.2,56.2,38.7,"(CONTRACTS OF CAD 100,000)",090741,CME ,90,F10,FutOnly
CANADIAN DOLLAR - CHICAGO MERCANTILE EXCHANGE,230926,2023-09-26,090741,CME ,0,90,175848,85576,37651,182,28898,51197,5096,13248,45812,3872,5123,1062,54,142049,144926,33799,30922,  -70999,    6172,   27596,  -67338,    2384,  -27924,      43,   -8954,    4100,   -1898,     516,       0,      10,  -69065,  -65411,   -1934,   -5588,100.0,48.7,21.4,0.1,16.4,29.1,2.9,7.5,26.1,2.2,2.9,0.6,0.0,80.8,82.4,19.2,17.6,104,      7,      6,.,     16,     22,     10,     17,     28,     11,      6,.,.,57,73,53.2,25.6,60.2,38.3,53.2,25.4,59.0,38.2,"(CONTRACTS OF CAD 100,000)",090741,CME ,90,F10,FutOnly
CANADIAN DOLLAR - CHICAGO MERCANTILE EXCHANGE,230919,2023-09-19,090741,CME ,0,90,246847,79404,10055,67520,26514,79121,5053,22202,41712,5770,4607,1062,44,211114,210337,35733,36510,   29767,   -3849,    2321,   57935,     205,  -21607,      66,  -23637,    -249,   -5614,     694,    -437,       1,   25801,   32416,    3966,   -2649,100.0,32.2,4.1,27.4,10.7,32.1,2.0,9.0,16.9,2.3,1.9,0.4,0.0,85.5,85.2,14.5,14.8,108,      8,      5,      6,     15,     25,     11,     18,     28,     10,      6,.,.,59,78,52.7,33.0,61.9,44.8,31.0,15.8,38.8,25.0,"(CONTRACTS OF CAD 100,000)",090741,CME ,90,F10,FutOnly
CANADIAN DOLLAR - CHICAGO MERCANTILE EXCHANGE,230912,2023-09-12,090741,CME ,0,90,217080,83253,7734,9585,26309,100728,4987,45839,41961,11384,3913,1499,43,185313,177921,31767,39159,   27420,   23357,   -4268,    8523,   -2319,   16812,    -334,   -4941,    1474,    4041,    -212,   -1027,       0,   28115,   25221,    -695,    2199,100.0,38.4,3.6,4.4,12.1,46.4,2.3,21.1,19.3,5.2,1.8,0.7,0.0,85.4,82.0,14.6,18.0,107,     10,      4,      5,     13,     26,     11,     18,     29,     14,      4,.,.,56,82,41.0,23.7,54.2,38.5,39.9,22.5,52.1,34.4,"(CONTRACTS OF CAD 100,000)",090741,CME ,90,F10,FutOnly
CANADIAN DOLLAR - CHICAGO MERCANTILE EXCHANGE,230905,2023-09-05,090741,CME ,0,90,189660,59896,12002,1062,28628,83916,5321,50780,40487,7343,4125,2526,43,157198,152700,32462,36960,   12612,    8182,   -2497,     870,    -683,    3936,     997,    3869,    6994,     -68,     -67,     548,       0,   13100,   10780,    -488,    1832,100.0,31.6,6.3,0.6,15.1,44.2,2.8,26.8,21.3,3.9,2.2,1.3,0.0,82.9,80.5,17.1,19.5,108,      9,      4,.,     13,     22,     10,     22,     29,     13,      4,      5,.,55,80,37.4,22.7,51.3,37.3,36.6,22.5,50.0,37.1,"(CONTRACTS OF CAD 100,000)",090741,CME ,90,F10,FutOnly
CANADIAN DOLLAR - CHICAGO MERCANTILE EXCHANGE,230829,2023-08-29,090741,CME ,0,90,177048,51714,14499,192,29311,79980,4324,46911,33493,7411,4192,1978,43,144098,141920,32950,35128,   10901,     880,   -2681,      88,   -1109,   11374,     195,    8723,    1206,    1418,    -496,     -16,      -2,    9697,   11582,    1204,    -681,100.0,29.2,8.2,0.1,16.6,45.2,2.4,26.5,18.9,4.2,2.4,1.1,0.0,81.4,80.2,18.6,19.8,103,      7,      8,.,     14,     22,     11,     21,     23,     14,      4,      4,.,55,76,36.2,23.1,48.9,40.1,36.0,23.1,47.9,39.9,"(CONTRACTS OF CAD 100,000)",090741,CME ,90,F10,FutOnly
CANADIAN DOLLAR - CHICAGO MERCANTILE EXCHANGE,230822,2023-08-22,090741,CME ,0,90,166147,50834,17180,104,30420,68606,4129,38188,32287,5993,4688,1994,45,134401,130338,31746,35809,    8320,    5451,   -2098,     104,     -91,   11060,     359,    -114,   -4917,    1296,      65,    -439,       0,    7070,    5365,    1250,    2955,100.0,30.6,10.3,0.1,18.3,41.3,2.5,23.0,19.4,3.6,2.8,1.2,0.0,80.9,78.4,19.1,21.6,99,      7,      7,.,     15,     22,     10,     21,     18,     13,      5,      4,.,57,67,37.7,23.5,50.3,38.8,37.6,23.4,48.7,38.5,"(CONTRACTS OF CAD 100,000)",090741,CME ,90,F10,FutOnly
CANADIAN DOLLAR - CHICAGO MERCANTILE EXCHANGE,230815,2023-08-15,090741,CME ,0,90,157827,45383,19278,0,30511,57546,3770,38302,37204,4697,4623,2433,45,127331,124973,30496,32854,   16867,   14986,   -6449,       0,   -2803,   12422,     319,    9924,    6475,    -226,   -1773,     288,    -282,   20145,   12547,   -3278,    4320,100.0,28.8,12.2,0.0,19.3,36.5,2.4,24.3,23.6,3.0,2.9,1.5,0.0,80.7,79.2,19.3,20.8,104,      6,      8,      0,     15,     21,      9,     24,     20,     15,      5,      5,.,58,71,36.2,26.8,48.3,37.9,36.2,26.6,47.3,37.6,"(CONTRACTS OF CAD 100,000)",090741,CME ,90,F10,FutOnly
CANADIAN DOLLAR - CHICAGO MERCANTILE EXCHANGE,230808,2023-08-08,090741,CME ,0,90,140960,30397,25727,0,33314,45124,3451,28378,30729,4923,6396,2145,327,107186,112426,33774,28534,  -11646,    1302,  -20102,    -308,  -12678,   -2922,     -15,    3323,    4670,    2474,    1116,    -247,     282,   -4504,  -16168,   -7142,    4522,100.0,21.6,18.3,0.0,23.6,32.0,2.4,20.1,21.8,3.5,4.5,1.5,0.2,76.0,79.8,24.0,20.2,100,      4,     10,      0,     16,     18,      9,     24,     17,     12,      7,      4,.,57,66,33.4,29.2,43.0,40.1,33.3,29.1,40.8,40.0,"(CONTRACTS OF CAD 100,000)",090741,CME ,90,F10,FutOnly
CANADIAN DOLLAR - CHICAGO MERCANTILE EXCHANGE,230801,2023-08-01,090741,CME ,0,90,152606,29095,45829,308,45992,48046,3466,25055,26059,2449,5280,2392,45,111690,128594,40916,24012,   -3789,     820,   -1942,       2,   -6566,    1624,     140,   -1430,   -7811,    1758,     -11,    1280,      -5,   -5292,   -4954,    1503,    1165,100.0,19.1,30.0,0.2,30.1,31.5,2.3,16.4,17.1,1.6,3.5,1.6,0.0,73.2,84.3,26.8,15.7,100,      5,      8,.,     20,     18,      8,     23,     17,     10,      5,      4,.,61,60,31.4,35.1,41.8,46.7,31.4,35.1,41.2,46.5,"(CONTRACTS OF CAD 100,000)",090741,CME ,90,F10,FutOnly
CANADIAN DOLLAR - CHICAGO MERCANTILE EXCHANGE,230725,2023-07-25,090741,CME ,0,90,156395,28275,47771,306,52558,46422,3326,26485,33870,691,5291,1112,50,116982,133548,39413,22847,   10224,    -159,    8099,      12,    3814,    2019,    -171,    4639,    2953,   -1693,     276,    -405,       0,    6718,   10814,    3506,    -590,100.0,18.1,30.5,0.2,33.6,29.7,2.1,16.9,21.7,0.4,3.4,0.7,0.0,74.8,85.4,25.2,14.6,97,.,      7,.,     18,     18,      7,     26,     18,     11,      5,.,.,63,55,34.2,33.5,45.3,44.7,34.2,33.5,45.1,44.5,"(CONTRACTS OF CAD 100,000)",090741,CME ,90,F10,FutOnly
CANADIAN DOLLAR - CHICAGO MERCANTILE EXCHANGE,230718,2023-07-18,090741,CME ,0,90,146171,28434,39672,294,48744,44403,3497,21846,30917,2384,5015,1517,50,110264,122734,35907,23437,    5776,   -1319,    8043,     294,    4806,   -3151,    -168,    -656,    1011,    -812,     589,     405,       0,    2734,    5622,    3042,     154,100.0,19.5,27.1,0.2,33.3,30.4,2.4,14.9,21.2,1.6,3.4,1.0,0.0,75.4,84.0,24.6,16.0,97,.,      7,.,     19,     18,      8,     22,     20,      9,      5,.,.,59,58,33.9,31.2,45.2,42.2,33.9,31.2,44.5,42.0,"(CONTRACTS OF CAD 100,000)",090741,CME ,90,F10,FutOnly
CANADIAN DOLLAR - CHICAGO MERCANTILE EXCHANGE,230711,2023-07-11,090741,CME ,0,90,140395,29753,31629,0,43938,47554,3665,22502,29906,3196,4426,1112,50,107530,117112,32865,23283,  -15889,    1215,  -11181,      -8,   -8118,    3941,    -211,   -6168,  -11090,     854,    -553,       0,      -4,  -12993,  -17699,   -2896,    1810,100.0,21.2,22.5,0.0,31.3,33.9,2.6,16.0,21.3,2.3,3.2,0.8,0.0,76.6,83.4,23.4,16.6,92,      4,      5,      0,     19,     19,      9,     21,     18,     11,      4,.,.,56,57,34.2,31.7,45.7,44.9,34.0,31.7,43.9,44.7,"(CONTRACTS OF CAD 100,000)",090741,CME ,90,F10,FutOnly
CANADIAN DOLLAR - CHICAGO MERCANTILE EXCHANGE,230703,2023-07-03,090741,CME ,0,90,156284,28538,42810,8,52056,43613,3876,28670,40996,2342,4979,1112,54,120523,134811,35761,21473,  -11514,     -82,    4334,      -1,   -7258,     735,    -652,    1024,  -16524,    1342,     154,       0,     -14,   -5487,  -10780,   -6027,    -734,100.0,18.3,27.4,0.0,33.3,27.9,2.5,18.3,26.2,1.5,3.2,0.7,0.0,77.1,86.3,22.9,13.7,102,      4,      7,.,     20,     18,      9,     25,     22,      9,      4,.,.,64,58,32.9,32.9,46.2,46.0,32.9,32.9,45.7,46.0,"(CONTRACTS OF CAD 100,000)",090741,CME ,90,F10,FutOnly
CANADIAN DOLLAR - CHICAGO MERCANTILE EXCHANGE,230627,2023-06-27,090741,CME ,0,90,167798,28620,38476,9,59314,42878,4528,27646,57520,1000,4825,1112,68,126010,145591,41788,22207,  -16308,  -19285,   27768,  -24603,   18619,   -5712,     385,    6870,  -10808,   -1522,    -160,    -408,       0,  -19696,  -14900,    3388,   -1408,100.0,17.1,22.9,0.0,35.3,25.6,2.7,16.5,34.3,0.6,2.9,0.7,0.0,75.1,86.8,24.9,13.2,102,      4,      8,.,     21,     16,      9,     22,     25,      9,      4,.,.,63,59,33.8,32.1,47.0,45.0,33.6,32.1,46.7,45.0,"(CONTRACTS OF CAD 100,000)",090741,CME ,90,F10,FutOnly
CANADIAN DOLLAR - CHICAGO MERCANTILE EXCHANGE,230620,2023-06-20,090741,CME ,0,90,184106,47905,10708,24612,40695,48590,4143,20776,68328,2522,4985,1520,68,145706,160491,38400,23615,   16874,   -8310,    4434,   18500,   11721,   -8992,     402,    7326,   23125,  -14219,     178,    -159,    -567,   15031,   22524,    1843,   -5650,100.0,26.0,5.8,13.4,22.1,26.4,2.3,11.3,37.1,1.4,2.7,0.8,0.0,79.1,87.2,20.9,12.8,111,      9,      5,      7,     20,     20,      8,     20,     28,     10,      4,      4,.,66,71,35.6,33.1,48.9,44.2,22.8,25.6,35.8,35.5,"(CONTRACTS OF CAD 100,000)",090741,CME ,90,F10,FutOnly
CANADIAN DOLLAR - CHICAGO MERCANTILE EXCHANGE,230613,2023-06-13,090741,CME ,0,90,167232,56215,6274,6112,28974,57582,3741,13450,45203,16741,4807,1679,635,130675,137967,36557,29265,    -793,  -12746,    3344,    4760,    1716,  -25299,    -659,   -6347,   11772,    6718,     -30,     195,     576,   -6012,    1407,    5219,   -2200,100.0,33.6,3.8,3.7,17.3,34.4,2.2,8.0,27.0,10.0,2.9,1.0,0.4,78.1,82.5,21.9,17.5,98,     10,      4,      7,     13,     21,      6,     17,     23,     14,      5,      4,.,58,69,30.9,24.2,47.2,37.1,28.4,21.2,42.0,32.2,"(CONTRACTS OF CAD 100,000)",090741,CME ,90,F10,FutOnly
CANADIAN DOLLAR - CHICAGO MERCANTILE EXCHANGE,230606,2023-06-06,090741,CME ,0,90,168025,68961,2930,1352,27258,82881,4400,19797,33431,10023,4837,1484,59,136687,136560,31338,31465,  -11846,    3016,       0,     740,   -3340,     676,     570,  -12003,   -8292,     275,   -5037,    -752,      25,  -15754,   -6758,    3908,   -5088,100.0,41.0,1.7,0.8,16.2,49.3,2.6,11.8,19.9,6.0,2.9,0.9,0.0,81.3,81.3,18.7,18.7,97,     13,.,      5,     11,     28,      8,     18,     17,      9,      5,.,.,52,68,34.8,24.0,49.8,37.9,34.5,24.0,47.4,37.7,"(CONTRACTS OF CAD 100,000)",090741,CME ,90,F10,FutOnly
CANADIAN DOLLAR - CHICAGO MERCANTILE EXCHANGE,230530,2023-05-30,090741,CME ,0,90,179871,65945,2930,612,30598,82205,3830,31800,41723,9748,9874,2236,34,152441,143318,27430,36553,   20672,    1611,       0,     -61,    2793,    7534,    -529,   15298,    5282,    4053,    1203,    -420,       0,   24368,   15859,   -3696,    4813,100.0,36.7,1.6,0.3,17.0,45.7,2.1,17.7,23.2,5.4,5.5,1.2,0.0,84.8,79.7,15.2,20.3,107,     12,.,.,     12,     25,      9,     16,     28,     14,      9,.,.,58,76,31.6,21.8,46.8,33.4,31.4,21.8,45.3,33.4,"(CONTRACTS OF CAD 100,000)",090741,CME ,90,F10,FutOnly
CANADIAN DOLLAR - CHICAGO MERCANTILE EXCHANGE,230523,2023-05-23,090741,CME ,0,90,159199,64334,2930,673,27805,74671,4359,16502,36441,5695,8671,2656,34,128073,127459,31126,31740,   -1996,    5451,       0,     -17,     556,   -1924,     412,   -8679,    -681,     330,    -408,     454,       0,   -2355,   -1426,     359,    -570,100.0,40.4,1.8,0.4,17.5,46.9,2.7,10.4,22.9,3.6,5.4,1.7,0.0,80.4,80.1,19.6,19.9,101,     13,.,.,     13,     23,      9,     15,     26,      9,      7,.,.,55,68,34.5,25.1,48.7,38.5,34.2,25.1,48.0,38.5,"(CONTRACTS OF CAD 100,000)",090741,CME ,90,F10,FutOnly
CANADIAN DOLLAR - CHICAGO MERCANTILE EXCHANGE,230516,2023-05-16,090741,CME ,0,90,161195,58883,2930,690,27249,76595,3947,25181,37122,5365,9079,2202,34,130428,128885,30767,32310,    1831,    4860,   -1293,      89,     -91,    4573,       5,   -1639,   -2743,     -89,    -837,     -93,      -8,    2290,     441,    -459,    1390,100.0,36.5,1.8,0.4,16.9,47.5,2.4,15.6,23.0,3.3,5.6,1.4,0.0,80.9,80.0,19.1,20.0,99,     12,.,.,     13,     23,      9,     20,     20,     10,      7,.,.,59,62,31.4,25.9,45.6,39.2,31.1,25.9,44.7,39.2,"(CONTRACTS OF CAD 100,000)",090741,CME ,90,F10,FutOnly
CANADIAN DOLLAR - CHICAGO MERCANTILE EXCHANGE,230509,2023-05-09,090741,CME ,0,90,159364,54023,4223,601,27340,72022,3942,26820,39865,5454,9916,2295,42,128138,128444,31226,30920,  -11690,  -12607,    1293,      38,    1867,  -10900,    -105,    -165,    3024,    -723,   -2149,     326,       0,  -13844,   -7047,    2154,   -4643,100.0,33.9,2.6,0.4,17.2,45.2,2.5,16.8,25.0,3.4,6.2,1.4,0.0,80.4,80.6,19.6,19.4,105,     12,.,.,     13,     23,     10,     22,     22,     10,      8,.,.,64,64,29.9,24.0,44.2,36.5,29.6,24.0,43.1,36.5,"(CONTRACTS OF CAD 100,000)",090741,CME ,90,F10,FutOnly
CANADIAN DOLLAR - CHICAGO MERCANTILE EXCHANGE,230502,2023-05-02,090741,CME ,0,90,171054,66630,2930,563,25473,82922,4047,26985,36841,6177,12065,1969,42,141982,135491,29072,35563,   19268,   19360,       0,     210,    -759,   16363,    -525,    1795,    -722,     542,    -472,    -121,      42,   20193,   15789,    -925,    3479,100.0,39.0,1.7,0.3,14.9,48.5,2.4,15.8,21.5,3.6,7.1,1.2,0.0,83.0,79.2,17.0,20.8,112,     14,.,.,      9,     29,      8,     23,     21,     13,     12,.,.,65,72,36.1,24.6,47.8,35.5,35.9,24.6,47.0,35.5,"(CONTRACTS OF CAD 100,000)",090741,CME ,90,F10,FutOnly
CANADIAN DOLLAR - CHICAGO MERCANTILE EXCHANGE,230425,2023-04-25,090741,CME ,0,90,151786,47270,2930,353,26232,66559,4572,25190,37563,5635,12537,2090,0,121789,119702,29997,32084,    3148,   -3568,   -1274,       0,   -2295,    -920,     500,    8501,     305,    1392,    1213,    -386,       0,    5743,    -383,   -2595,    3531,100.0,31.1,1.9,0.2,17.3,43.9,3.0,16.6,24.7,3.7,8.3,1.4,0.0,80.2,78.9,19.8,21.1,111,     13,.,.,     10,     25,      9,     21,     26,     14,     12,.,      0,65,71,30.1,22.4,43.0,33.9,29.8,22.4,40.5,33.9,"(CONTRACTS OF CAD 100,000)",090741,CME ,90,F10,FutOnly
CANADIAN DOLLAR - CHICAGO MERCANTILE EXCHANGE,230418,2023-04-18,090741,CME ,0,90,148638,50838,4204,353,28527,67479,4072,16689,37258,4243,11324,2476,0,116046,120085,32592,28553,  -16237,  -25104,     -38,     -16,    6400,   -8251,    -419,     136,   -4997,    -396,    -339,      44,       0,  -19738,  -14073,    3501,   -2164,100.0,34.2,2.8,0.2,19.2,45.4,2.7,11.2,25.1,2.9,7.6,1.7,0.0,78.1,80.8,21.9,19.2,100,     12,.,.,     12,     25,      8,     16,     20,     10,     10,.,      0,58,62,33.7,21.5,47.0,35.2,33.4,21.5,44.6,35.2,"(CONTRACTS OF CAD 100,000)",090741,CME ,90,F10,FutOnly
CANADIAN DOLLAR - CHICAGO MERCANTILE EXCHANGE,230411,2023-04-11,090741,CME ,0,90,164875,75942,4242,369,22127,75730,4491,16553,42255,4639,11663,2432,0,135784,134158,29091,30717,   -4263,   -3940,    -103,      -8,     206,   -6904,    -607,    2096,    3079,     229,    -154,     149,       0,   -2178,   -4165,   -2085,     -98,100.0,46.1,2.6,0.2,13.4,45.9,2.7,10.0,25.6,2.8,7.1,1.5,0.0,82.4,81.4,17.6,18.6,113,     13,.,.,     11,     25,      8,     20,     27,      9,     11,      4,      0,61,71,44.5,20.6,55.5,31.5,44.2,20.6,53.2,31.5,"(CONTRACTS OF CAD 100,000)",090741,CME ,90,F10,FutOnly
CANADIAN DOLLAR - CHICAGO MERCANTILE EXCHANGE,230404,2023-04-04,090741,CME ,0,90,169138,79882,4345,377,21921,82634,5098,14457,39176,4410,11817,2283,0,137962,138323,31176,30815,   -7421,   -5847,    1114,       0,    2121,   -4708,     251,   -4078,    2445,      73,    -373,     -75,       0,   -7853,    -900,     432,   -6521,100.0,47.2,2.6,0.2,13.0,48.9,3.0,8.5,23.2,2.6,7.0,1.3,0.0,81.6,81.8,18.4,18.2,115,     12,.,.,     12,     27,     10,     17,     30,     12,     11,      4,      0,60,79,46.2,20.5,56.0,31.1,46.0,20.5,54.6,31.1,"(CONTRACTS OF CAD 100,000)",090741,CME ,90,F10,FutOnly
CANADIAN DOLLAR - CHICAGO MERCANTILE EXCHANGE,230328,2023-03-28,090741,CME ,0,90,176559,85729,3231,377,19800,87342,4847,18535,36731,4337,12190,2358,0,145815,139223,30744,37336,   -1626,   -2882,    -242,    -168,     890,   -1817,    -116,     337,     409,     171,    -885,     146,       0,   -2653,   -1617,    1027,      -9,100.0,48.6,1.8,0.2,11.2,49.5,2.7,10.5,20.8,2.5,6.9,1.3,0.0,82.6,78.9,17.4,21.1,108,     11,.,.,      8,     28,     11,     16,     29,      9,     10,      4,      0,55,75,48.3,21.2,59.0,33.1,48.1,21.1,58.5,33.0,"(CONTRACTS OF CAD 100,000)",090741,CME ,90,F10,FutOnly
CANADIAN DOLLAR - CHICAGO MERCANTILE EXCHANGE,230321,2023-03-21,090741,CME ,0,90,178185,88611,3473,545,18910,89159,4963,18198,36322,4166,13075,2212,0,148468,140840,29717,37345,  -66236,   24751,    -733,  -47872,     697,   -6065,    -756,  -37906,   -9103,   -2533,    -228,     241,       0,  -63847,  -66821,   -2389,     585,100.0,49.7,1.9,0.3,10.6,50.0,2.8,10.2,20.4,2.3,7.3,1.2,0.0,83.3,79.0,16.7,21.0,111,     13,.,.,      7,     29,     10,     15,     29,      9,     11,      4,      0,58,75,48.9,22.8,58.8,33.2,48.7,22.7,57.7,33.0,"(CONTRACTS OF CAD 100,000)",090741,CME ,90,F10,FutOnly
CANADIAN DOLLAR - CHICAGO MERCANTILE EXCHANGE,230314,2023-03-14,090741,CME ,0,90,244421,63860,4206,48417,18213,95224,5719,56104,45425,6699,13303,1971,0,212315,207661,32106,36760,   40605,    2432,     595,   40612,   -3240,    3363,      17,    -334,    1243,   -1737,     704,     -26,       0,   38454,   44067,    2151,   -3462,100.0,26.1,1.7,19.8,7.5,39.0,2.3,23.0,18.6,2.7,5.4,0.8,0.0,86.9,85.0,13.1,15.0,125,     14,.,      5,      6,     32,     10,     21,     33,     13,     11,      4,      0,63,90,42.8,28.3,54.6,42.5,26.1,19.3,37.4,28.2,"(CONTRACTS OF CAD 100,000)",090741,CME ,90,F10,FutOnly
CANADIAN DOLLAR - CHICAGO MERCANTILE EXCHANGE,230307,2023-03-07,090741,CME ,0,90,203816,61428,3611,7805,21453,91861,5702,56438,44182,8436,12599,1997,0,173861,163594,29955,40222,   38719,    3119,     130,    6995,     -44,   15362,    -332,   29569,    9568,    1451,    -520,    -817,       0,   40238,   32357,   -1519,    6362,100.0,30.1,1.8,3.8,10.5,45.1,2.8,27.7,21.7,4.1,6.2,1.0,0.0,85.3,80.3,14.7,19.7,128,     14,      4,      5,      6,     35,      9,     17,     38,     17,     10,.,      0,65,94,34.4,21.6,47.5,32.0,34.3,21.3,46.6,30.5,"(CONTRACTS OF CAD 100,000)",090741,CME ,90,F10,FutOnly
CANADIAN DOLLAR - CHICAGO MERCANTILE EXCHANGE,230228,2023-02-28,090741,CME ,0,90,165097,58309,3481,810,21497,76499,6034,26869,34614,6985,13119,2814,0,133623,131237,31474,33860,   13201,    4482,      12,    -136,    -703,   14170,     117,   12193,    1204,     639,     584,    1034,    -482,   16694,   16558,   -3493,   -3357,100.0,35.3,2.1,0.5,13.0,46.3,3.7,16.3,21.0,4.2,7.9,1.7,0.0,80.9,79.5,19.1,20.5,115,     13,.,.,      6,     31,      8,     16,     32,     14,     10,      4,      0,58,82,30.8,21.7,45.6,32.3,30.3,21.3,44.3,31.6,"(CONTRACTS OF CAD 100,000)",090741,CME ,90,F10,FutOnly
CANADIAN DOLLAR - CHICAGO MERCANTILE EXCHANGE,230221,2023-02-21,090741,CME ,0,90,151896,53827,3469,946,22200,62329,5917,14676,33410,6346,12535,1780,482,116929,114679,34967,37217,    2837,    -458,      30,     246,   -1391,   -4926,     343,   -1284,    2478,    2105,    1599,    -502,      73,    1233,    -153,    1604,    2990,100.0,35.4,2.3,0.6,14.6,41.0,3.9,9.7,22.0,4.2,8.3,1.2,0.3,77.0,75.5,23.0,24.5,105,     12,.,.,      6,     27,      9,     14,     31,     12,     10,.,.,54,76,32.0,20.7,46.2,31.2,31.5,20.4,44.7,30.8,"(CONTRACTS OF CAD 100,000)",090741,CME ,90,F10,FutOnly
CANADIAN DOLLAR - CHICAGO MERCANTILE EXCHANGE,230214,2023-02-14,090741,CME ,0,90,149059,54285,3439,700,23591,67255,5574,15960,30932,4241,10936,2282,409,115696,114832,33363,34227,    -562,    8661,       0,      16,    -590,    1627,     360,   -9927,   -6110,     181,    -126,     492,     398,   -1027,   -3036,     465,    2474,100.0,36.4,2.3,0.5,15.8,45.1,3.7,10.7,20.8,2.8,7.3,1.5,0.3,77.6,77.0,22.4,23.0,92,     11,.,.,      8,     25,      7,     11,     25,     12,      7,.,.,49,65,32.3,22.0,47.7,34.0,31.8,21.6,47.2,33.6,"(CONTRACTS OF CAD 100,000)",090741,CME ,90,F10,FutOnly
CANADIAN DOLLAR - CHICAGO MERCANTILE EXCHANGE,230207,2023-02-07,090741,CME ,0,90,149621,45624,3439,684,24181,65628,5214,25887,37042,4060,11062,1790,11,116723,117868,32898,31753,    9454,    5671,    -891,       7,   -1314,    6331,     -21,    7535,    4023,    -663,    -475,     552,    -802,    9938,    8536,    -484,     918,100.0,30.5,2.3,0.5,16.2,43.9,3.5,17.3,24.8,2.7,7.4,1.2,0.0,78.0,78.8,22.0,21.2,97,     11,.,.,      8,     24,      8,     15,     26,     13,      7,.,.,53,67,28.9,23.3,43.4,35.4,28.9,22.8,42.8,34.8,"(CONTRACTS OF CAD 100,000)",090741,CME ,90,F10,FutOnly
CANADIAN DOLLAR - CHICAGO MERCANTILE EXCHANGE,230131,2023-01-31,090741,CME ,0,90,140167,39953,4330,677,25495,59297,5235,18352,33019,4723,11537,1238,813,106785,109332,33382,30835,    2691,    -468,     900,       8,     153,     850,      16,    1266,   -1162,     546,   -1379,     -22,      94,     236,    1230,    2455,    1461,100.0,28.5,3.1,0.5,18.2,42.3,3.7,13.1,23.6,3.4,8.2,0.9,0.6,76.2,78.0,23.8,22.0,99,     11,      4,.,      9,     22,      8,     19,     23,     12,      8,.,.,57,66,27.7,22.9,42.8,33.7,27.7,22.9,40.9,33.4,"(CONTRACTS OF CAD 100,000)",090741,CME ,90,F10,FutOnly
CANADIAN DOLLAR - CHICAGO MERCANTILE EXCHANGE,230124,2023-01-24,090741,CME ,0,90,137476,40421,3430,669,25342,58447,5219,17086,34181,4177,12916,1260,719,106549,108102,30927,29374,    5130,    4225,   -2535,      12,     202,    3333,      51,    2628,    7545,    -305,    -416,      78,      17,    6414,    8196,   -1284,   -3066,100.0,29.4,2.5,0.5,18.4,42.5,3.8,12.4,24.9,3.0,9.4,0.9,0.5,77.5,78.6,22.5,21.4,103,     13,.,.,      9,     22,      8,     18,     27,     11,     10,.,.,60,65,27.1,22.4,42.6,33.0,27.1,22.4,40.3,32.9,"(CONTRACTS OF CAD 100,000)",090741,CME ,90,F10,FutOnly
CANADIAN DOLLAR - CHICAGO MERCANTILE EXCHANGE,230117,2023-01-17,090741,CME ,0,90,132346,36196,5965,657,25140,55114,5168,14458,26636,4482,13332,1182,702,100135,99906,32211,32440,   -1542,   -1851,    1435,       8,    -414,    -196,     180,     507,   -4850,     533,     377,   -1689,     190,    -470,   -4389,   -1072,    2847,100.0,27.3,4.5,0.5,19.0,41.6,3.9,10.9,20.1,3.4,10.1,0.9,0.5,75.7,75.5,24.3,24.5,90,     11,.,.,      8,     21,      7,     14,     21,     10,     10,.,.,52,57,26.7,23.0,42.9,32.5,26.7,23.0,41.8,32.1,"(CONTRACTS OF CAD 100,000)",090741,CME ,90,F10,FutOnly
CANADIAN DOLLAR - CHICAGO MERCANTILE EXCHANGE,230110,2023-01-10,090741,CME ,0,90,133888,38047,4530,649,25554,55310,4988,13951,31486,3949,12955,2871,512,100605,104295,33283,29593,   -5107,      74,    -747,      -2,   -1004,   -5048,   -1058,   -1959,    3372,    -823,   -1761,    -762,      13,   -6520,   -5055,    1413,     -52,100.0,28.4,3.4,0.5,19.1,41.3,3.7,10.4,23.5,2.9,9.7,2.1,0.4,75.1,77.9,24.9,22.1,93,     12,.,.,      8,     22,      6,     12,     25,     11,      9,.,.,52,60,27.2,23.0,43.0,33.0,27.2,23.0,41.3,32.6,"(CONTRACTS OF CAD 100,000)",090741,CME ,90,F10,FutOnly
CANADIAN DOLLAR - CHICAGO MERCANTILE EXCHANGE,230103,2023-01-03,090741,CME ,0,90,138995,37973,5277,651,26558,60358,6046,15910,28114,4772,14716,3633,499,107125,109350,31870,29645,   -1549,    -884,     125,       6,   -3305,    4254,     536,    -419,   -7544,     508,     419,    -406,      -5,   -3144,   -2526,    1595,     977,100.0,27.3,3.8,0.5,19.1,43.4,4.3,11.4,20.2,3.4,10.6,2.6,0.4,77.1,78.7,22.9,21.3,105,     12,.,.,     10,     24,     11,     15,     27,     12,     11,.,.,62,68,27.0,22.5,41.3,32.9,27.0,22.5,39.9,32.1,"(CONTRACTS OF CAD 100,000)",090741,CME ,90,F10,FutOnly
CANADIAN DOLLAR - CHICAGO MERCANTILE EXCHANGE,241231,2024-12-31,090741,CME ,0,90,353686,254303,9994,320,26848,189077,6751,9682,94539,5356,23540,7351,0,326800,313388,26886,40298,    7744,    -439,   -1194,      90,       3,    2668,    1362,    1910,    2655,     554,    4804,     414,       0,    8284,    6549,    -540,    1195,100.0,71.9,2.8,0.1,7.6,53.5,1.9,2.7,26.7,1.5,6.7,2.1,0.0,92.4,88.6,7.6,11.4,131,     11,      5,.,      9,     39,     10,      9,     42,      9,     10,      5,      0,53,99,68.1,29.0,77.0,43.7,68.0,28.7,76.9,43.4,"(CONTRACTS OF CAD 100,000)",090741,CME ,90,F10,FutOnly
CANADIAN DOLLAR - CHICAGO MERCANTILE EXCHANGE,241224,2024-12-24,090741,CME ,0,90,345942,254742,11188,230,26845,186409,5389,7772,91884,4802,18736,6937,0,318516,306839,27426,39103, -139650,   -7983,   -7166, -121741,     489,    3562,     441,   -7531,    2688,   -2251,     210,  -12174,       0, -138366, -136641,   -1284,   -3009,100.0,73.6,3.2,0.1,7.8,53.9,1.6,2.2,26.6,1.4,5.4,2.0,0.0,92.1,88.7,7.9,11.3,133,     11,      5,.,     10,     38,      9,      9,     45,      8,     11,      4,      0,54,98,69.7,29.8,78.7,44.2,69.6,29.5,78.3,43.9,"(CONTRACTS OF CAD 100,000)",090741,CME ,90,F10,FutOnly
CANADIAN DOLLAR - CHICAGO MERCANTILE EXCHANGE,241217,2024-12-17,090741,CME ,0,90,485592,262725,18354,121971,26356,182847,4948,15303,89196,7053,18526,19111,0,456882,443480,28710,42112,   77411,    8312,    5807,   88472,   -2362,   10564,   -2669,   -3672,   -9227,   -7703,   -1486,   -5372,       0,   78892,   79872,   -1481,   -2461,100.0,54.1,3.8,25.1,5.4,37.7,1.0,3.2,18.4,1.5,3.8,3.9,0.0,94.1,91.3,5.9,8.7,134,     10,      6,      8,      9,     36,      7,     12,     44,     13,     10,      6,      0,57,105,71.7,29.4,80.6,46.1,52.7,20.3,57.9,30.7,"(CONTRACTS OF CAD 100,000)",090741,CME ,90,F10,FutOnly
CANADIAN DOLLAR - CHICAGO MERCANTILE EXCHANGE,241210,2024-12-10,090741,CME ,0,90,408181,254413,12547,33499,28718,172283,7617,18975,98423,14756,20012,24483,0,377990,363608,30191,44573,   83856,   35328,   -2332,   32642,    1561,   18446,    3065,    8904,   14522,    5724,   -1623,    5311,    -327,   85274,   77051,   -1418,    6805,100.0,62.3,3.1,8.2,7.0,42.2,1.9,4.6,24.1,3.6,4.9,6.0,0.0,92.6,89.1,7.4,10.9,141,     12,      8,      8,     10,     37,      8,     12,     44,     14,     11,      7,      0,61,110,61.3,20.7,73.2,32.6,58.7,20.6,65.3,32.2,"(CONTRACTS OF CAD 100,000)",090741,CME ,90,F10,FutOnly
CANADIAN DOLLAR - CHICAGO MERCANTILE EXCHANGE,241203,2024-12-03,090741,CME ,0,90,324325,219085,14879,857,27157,153837,4552,10071,83901,9032,21635,19172,327,292716,286557,31609,37768,    1905,    3817,     338,   -1602,   -1355,    3596,    -169,    3008,    -388,   -1224,   -1297,    -964,     327,    1505,     -86,     400,    1991,100.0,67.6,4.6,0.3,8.4,47.4,1.4,3.1,25.9,2.8,6.7,5.9,0.1,90.3,88.4,9.7,11.6,137,      9,      9,      4,     10,     39,      7,     14,     38,     11,     12,      6,.,58,102,66.2,20.7,75.3,34.4,66.1,20.7,73.2,34.3,"(CONTRACTS OF CAD 100,000)",090741,CME ,90,F10,FutOnly
CANADIAN DOLLAR - CHICAGO MERCANTILE EXCHANGE,241126,2024-11-26,090741,CME ,0,90,322420,215268,14541,2459,28512,150241,4721,7063,84289,10256,22932,20136,0,291211,286643,31209,35777,  -25934,  -26971,     863,    1773,     448,  -20641,     124,   -3794,  -12271,    1261,      64,    4338,      -2,  -27097,  -24555,    1163,   -1379,100.0,66.8,4.5,0.8,8.8,46.6,1.5,2.2,26.1,3.2,7.1,6.2,0.0,90.3,88.9,9.7,11.1,135,      9,     10,      4,     10,     41,      8,     10,     38,     11,     11,      6,      0,56,102,66.7,20.1,75.6,33.8,66.0,20.1,73.0,33.7,"(CONTRACTS OF CAD 100,000)",090741,CME ,90,F10,FutOnly
CANADIAN DOLLAR - CHICAGO MERCANTILE EXCHANGE,241119,2024-11-19,090741,CME ,0,90,348354,242239,13678,686,28064,170882,4597,10857,96560,8995,22868,15798,2,318308,311198,30046,37156,    5797,    -494,    4256,     468,     103,    -331,    -833,    2917,   -2019,    1416,     910,    3363,      -8,    4479,    6312,    1318,    -515,100.0,69.5,3.9,0.2,8.1,49.1,1.3,3.1,27.7,2.6,6.6,4.5,0.0,91.4,89.3,8.6,10.7,139,      9,      8,.,     10,     40,      7,     11,     44,     13,     12,      5,.,56,107,68.0,24.1,77.1,36.3,68.0,24.1,75.0,36.3,"(CONTRACTS OF CAD 100,000)",090741,CME ,90,F10,FutOnly
CANADIAN DOLLAR - CHICAGO MERCANTILE EXCHANGE,241112,2024-11-12,090741,CME ,0,90,342557,242733,9422,218,27961,171213,5430,7940,98579,7579,21958,12435,10,313829,304886,28728,37671,    6090,   13151,   -2262,     -43,      32,    4678,    -695,   -8789,   -6452,    1617,    1470,    6646,   -1013,    5730,    2476,     360,    3614,100.0,70.9,2.8,0.1,8.2,50.0,1.6,2.3,28.8,2.2,6.4,3.6,0.0,91.6,89.0,8.4,11.0,132,     11,      6,.,     10,     37,      8,      9,     42,     13,     12,      5,.,57,99,68.7,27.9,77.2,41.1,68.7,27.9,75.7,41.1,"(CONTRACTS OF CAD 100,000)",090741,CME ,90,F10,FutOnly
CANADIAN DOLLAR - CHICAGO MERCANTILE EXCHANGE,241105,2024-11-05,090741,CME ,0,90,336467,229582,11684,261,27929,166535,6125,16729,105031,5962,20488,5789,1023,308099,302410,28368,34057,    6522,   10002,    1364,      48,    -363,    2132,    1036,   -3629,    3862,    -376,    -219,    -489,    -277,    6222,    7300,     300,    -778,100.0,68.2,3.5,0.1,8.3,49.5,1.8,5.0,31.2,1.8,6.1,1.7,0.3,91.6,89.9,8.4,10.1,132,      8,      9,.,     10,     37,      7,     14,     38,      9,     12,      4,      4,56,98,67.9,26.6,76.5,40.8,67.9,26.6,75.1,40.8,"(CONTRACTS OF CAD 100,000)",090741,CME ,90,F10,FutOnly
CANADIAN DOLLAR - CHICAGO MERCANTILE EXCHANGE,241029,2024-10-29,090741,CME ,0,90,329945,219580,10320,213,28292,164403,5089,20358,101169,6338,20707,6278,1300,301877,295110,28068,34835,   21666,   18533,     156,     161,     684,    5626,     -84,   -1648,   14262,    2502,    2174,     996,     -87,   22235,   23532,    -569,   -1866,100.0,66.6,3.1,0.1,8.6,49.8,1.5,6.2,30.7,1.9,6.3,1.9,0.4,91.5,89.4,8.5,10.6,134,     10,      7,.,     10,     38,      9,     16,     35,     11,     14,      4,.,61,98,65.5,27.1,73.8,41.4,65.5,27.1,72.9,41.3,"(CONTRACTS OF CAD 100,000)",090741,CME ,90,F10,FutOnly
CANADIAN DOLLAR - CHICAGO MERCANTILE EXCHANGE,241022,2024-10-22,090741,CME ,0,90,308279,201047,10164,52,27608,158777,5173,22006,86907,3836,18533,5282,1387,279642,271578,28637,36701,   11742,   21681,   -3509,       3,   -2471,    5849,    1144,   -9115,    -225,    -398,     696,    2125,     589,   12129,    5578,    -387,    6164,100.0,65.2,3.3,0.0,9.0,51.5,1.7,7.1,28.2,1.2,6.0,1.7,0.4,90.7,88.1,9.3,11.9,121,      9,      8,.,     11,     34,     10,     12,     31,      9,     12,      4,      4,59,86,63.7,26.2,73.2,40.8,63.7,26.2,72.2,40.8,"(CONTRACTS OF CAD 100,000)",090741,CME ,90,F10,FutOnly
CANADIAN DOLLAR - CHICAGO MERCANTILE EXCHANGE,241015,2024-10-15,090741,CME ,0,90,296537,179366,13673,49,30079,152928,4029,31121,87132,4234,17837,3157,798,267513,266000,29024,30537,   71892,   56342,    2030,     -83,   -2807,   46183,    -530,   16749,   17878,    1057,    2035,    1794,     449,   73212,   68778,   -1320,    3114,100.0,60.5,4.6,0.0,10.1,51.6,1.4,10.5,29.4,1.4,6.0,1.1,0.3,90.2,89.7,9.8,10.3,125,     11,      7,.,     12,     34,     11,     16,     31,     12,     10,      4,.,66,87,58.0,27.4,68.5,41.2,58.0,27.4,67.5,41.2,"(CONTRACTS OF CAD 100,000)",090741,CME ,90,F10,FutOnly
CANADIAN DOLLAR - CHICAGO MERCANTILE EXCHANGE,241008,2024-10-08,090741,CME ,0,90,224645,123024,11643,132,32886,106745,4559,14372,69254,3177,15802,1363,349,194301,197222,30344,27423,    8601,   14665,   -8122,    -100,   -4990,    3071,      51,    -701,    9709,     999,     180,   -2418,     241,   10345,    3431,   -1744,    5170,100.0,54.8,5.2,0.1,14.6,47.5,2.0,6.4,30.8,1.4,7.0,0.6,0.2,86.5,87.8,13.5,12.2,107,      8,      7,.,     14,     27,      8,     14,     25,     11,      9,.,.,60,69,55.3,31.4,65.2,46.9,55.3,31.4,64.9,46.8,"(CONTRACTS OF CAD 100,000)",090741,CME ,90,F10,FutOnly
CANADIAN DOLLAR - CHICAGO MERCANTILE EXCHANGE,241001,2024-10-01,090741,CME ,0,90,216044,108359,19765,232,37876,103674,4508,15073,59545,2178,15622,3781,108,183956,193791,32088,22253,    2880,   -6198,   11864,     -78,    9295,   -4732,    -520,   -1828,      79,    -150,    1720,    -230,     -24,    2217,    6209,     663,   -3329,100.0,50.2,9.1,0.1,17.5,48.0,2.1,7.0,27.6,1.0,7.2,1.8,0.0,85.1,89.7,14.9,10.3,113,      6,      9,.,     16,     24,      9,     19,     26,     11,      8,      5,.,66,71,55.1,33.0,64.8,50.2,55.1,33.0,64.0,50.1,"(CONTRACTS OF CAD 100,000)",090741,CME ,90,F10,FutOnly
CANADIAN DOLLAR - CHICAGO MERCANTILE EXCHANGE,240924,2024-09-24,090741,CME ,0,90,213164,114557,7901,310,28581,108406,5028,16901,59466,2328,13902,4011,132,181739,187582,31425,25582,  -43374,  -21757,  -14168,  -23512,   -4628,   -2572,     434,    7082,   -1971,    -901,     628,     790,      73,  -42581,  -41827,    -793,   -1547,100.0,53.7,3.7,0.1,13.4,50.9,2.4,7.9,27.9,1.1,6.5,1.9,0.1,85.3,88.0,14.7,12.0,111,      8,      7,.,     13,     26,      9,     17,     27,     10,      8,      5,.,62,73,55.9,33.4,65.1,48.3,55.9,33.4,64.6,48.1,"(CONTRACTS OF CAD 100,000)",090741,CME ,90,F10,FutOnly
CANADIAN DOLLAR - CHICAGO MERCANTILE EXCHANGE,240917,2024-09-17,090741,CME ,0,90,256538,136314,22069,23822,33209,110978,4594,9819,61437,3229,13274,3221,59,224320,229409,32218,27129,    5329,    5544,   -2751,   19506,   -2741,    1527,     356,   -2547,    4249,   -9751,    -162,     123,   -6108,    4097,    7151,    1232,   -1822,100.0,53.1,8.6,9.3,12.9,43.3,1.8,3.8,23.9,1.3,5.2,1.3,0.0,87.4,89.4,12.6,10.6,104,      8,      8,      7,     15,     26,      8,     11,     26,     12,      6,      4,.,59,73,58.2,27.8,69.2,45.5,51.6,27.5,61.6,41.1,"(CONTRACTS OF CAD 100,000)",090741,CME ,90,F10,FutOnly
CANADIAN DOLLAR - CHICAGO MERCANTILE EXCHANGE,240910,2024-09-10,090741,CME ,0,90,251209,130770,24820,4316,35950,109451,4238,12366,57188,12980,13436,3098,6167,220223,222258,30986,28951,   -4688,    3324,   -4881,   -2724,   -4244,    4995,    -131,   -3784,  -10153,     883,   -1365,    -526,    6093,   -1948,   -6444,   -2740,    1756,100.0,52.1,9.9,1.7,14.3,43.6,1.7,4.9,22.8,5.2,5.3,1.2,2.5,87.7,88.5,12.3,11.5,108,      8,      7,      7,     14,     28,      9,     13,     28,     15,      6,      4,.,63,78,53.1,25.5,68.4,39.8,50.8,25.5,61.4,38.9,"(CONTRACTS OF CAD 100,000)",090741,CME ,90,F10,FutOnly
CANADIAN DOLLAR - CHICAGO MERCANTILE EXCHANGE,240903,2024-09-03,090741,CME ,0,90,255897,127446,29701,7040,40194,104456,4369,16150,67341,12097,14801,3624,74,222171,228702,33726,27195,  -40144,  -54566,    4170,   -3526,   12681,  -20988,    -449,    7448,  -14316,   -3610,     194,    -436,       0,  -41828,  -39155,    1684,    -989,100.0,49.8,11.6,2.8,15.7,40.8,1.7,6.3,26.3,4.7,5.8,1.4,0.0,86.8,89.4,13.2,10.6,116,      7,     10,      4,     15,     25,     10,     11,     35,     16,      8,      5,.,63,84,51.1,26.7,64.2,41.4,48.5,26.6,60.5,41.3,"(CONTRACTS OF CAD 100,000)",090741,CME ,90,F10,FutOnly
CANADIAN DOLLAR - CHICAGO MERCANTILE EXCHANGE,240827,2024-08-27,090741,CME ,0,90,296041,182012,25531,10566,27513,125444,4818,8702,81657,15707,14607,4060,74,263999,267857,32042,28184,  -18032,  -39933,   22514,    9021,    2353,  -35480,     281,   -1652,  -17954,    9567,     351,   -1507,       0,  -20012,  -13558,    1980,   -4474,100.0,61.5,8.6,3.6,9.3,42.4,1.6,2.9,27.6,5.3,4.9,1.4,0.0,89.2,90.5,10.8,9.5,121,      8,      9,.,     13,     29,     11,     13,     36,      9,      8,      5,.,59,86,64.1,25.6,75.2,42.0,60.6,25.6,69.5,41.9,"(CONTRACTS OF CAD 100,000)",090741,CME ,90,F10,FutOnly
CANADIAN DOLLAR - CHICAGO MERCANTILE EXCHANGE,240820,2024-08-20,090741,CME ,0,90,314073,221945,3017,1545,25160,160924,4537,10354,99611,6140,14256,5567,74,284011,281415,30062,32658,   -9094,   -7717,    -418,     141,   -1100,    2661,       4,     808,  -13069,     289,    -418,    1150,       0,   -7993,   -9242,   -1101,     148,100.0,70.7,1.0,0.5,8.0,51.2,1.4,3.3,31.7,2.0,4.5,1.8,0.0,90.4,89.6,9.6,10.4,117,      9,.,.,      9,     39,     10,     10,     35,      8,      6,      6,.,50,89,70.5,25.0,80.3,39.6,70.0,25.0,78.4,39.5,"(CONTRACTS OF CAD 100,000)",090741,CME ,90,F10,FutOnly
CANADIAN DOLLAR - CHICAGO MERCANTILE EXCHANGE,240813,2024-08-13,090741,CME ,0,90,323167,229662,3435,1404,26260,158263,4533,9546,112680,5851,14674,4417,74,292004,290657,31163,32510,  -11953,   -4961,    -723,    -355,   -1160,   -9427,    -247,    -468,    1997,   -1597,   -2865,    1158,      -3,  -11656,   -9197,    -297,   -2756,100.0,71.1,1.1,0.4,8.1,49.0,1.4,3.0,34.9,1.8,4.5,1.4,0.0,90.4,89.9,9.6,10.1,128,     11,.,.,      9,     37,     10,     13,     42,      9,      6,      7,.,52,97,68.6,24.5,78.2,38.9,68.2,24.5,77.4,38.8,"(CONTRACTS OF CAD 100,000)",090741,CME ,90,F10,FutOnly
CANADIAN DOLLAR - CHICAGO MERCANTILE EXCHANGE,240806,2024-08-06,090741,CME ,0,90,335120,234623,4158,1759,27420,167690,4780,10014,110683,7448,17539,3259,77,303660,299854,31460,35266,  -16736,  -12200,    1385,    -455,    1019,   -9163,     336,   -3518,   -5639,    1101,   -3002,    -567,      -7,  -16726,  -13009,     -10,   -3727,100.0,70.0,1.2,0.5,8.2,50.0,1.4,3.0,33.0,2.2,5.2,1.0,0.0,90.6,89.5,9.4,10.5,134,      9,      6,.,     10,     38,     10,     12,     43,     14,     10,      5,.,60,102,66.8,24.6,77.7,39.2,66.4,24.5,77.0,39.1,"(CONTRACTS OF CAD 100,000)",090741,CME ,90,F10,FutOnly
CANADIAN DOLLAR - CHICAGO MERCANTILE EXCHANGE,240730,2024-07-30,090741,CME ,0,90,351856,246823,2773,2214,26401,176853,4444,13532,116322,6347,20541,3826,84,320386,312863,31470,38993,   36172,   36476,      74,    -186,   -1855,   14670,   -1474,    -677,   19144,     811,    1675,    1269,       0,   34770,   34308,    1402,    1864,100.0,70.1,0.8,0.6,7.5,50.3,1.3,3.8,33.1,1.8,5.8,1.1,0.0,91.1,88.9,8.9,11.1,145,     11,      5,.,     10,     39,     10,     15,     47,     14,     13,      5,.,65,109,66.4,23.9,76.5,37.1,66.1,23.9,75.8,37.1,"(CONTRACTS OF CAD 100,000)",090741,CME ,90,F10,FutOnly
CANADIAN DOLLAR - CHICAGO MERCANTILE EXCHANGE,240723,2024-07-23,090741,CME ,0,90,315684,210347,2699,2400,28256,162183,5918,14209,97178,5536,18866,2557,84,285616,278555,30068,37129,   34743,   31873,    -341,      -6,    -344,   22847,    -727,   -1785,    9594,    -111,    4767,     456,       8,   33675,   31720,    1068,    3023,100.0,66.6,0.9,0.8,9.0,51.4,1.9,4.5,30.8,1.8,6.0,0.8,0.0,90.5,88.2,9.5,11.8,131,      9,      6,      4,     11,     37,      9,     13,     41,     13,     10,      4,.,59,100,62.4,25.9,73.5,39.4,62.0,25.9,72.9,39.4,"(CONTRACTS OF CAD 100,000)",090741,CME ,90,F10,FutOnly
CANADIAN DOLLAR - CHICAGO MERCANTILE EXCHANGE,240716,2024-07-16,090741,CME ,0,90,280941,178474,3040,2406,28600,139336,6645,15994,87584,5647,14099,2101,76,251941,246835,29000,34106,   23653,   20887,   -6269,     410,   -1034,   23332,     280,    5827,   10492,     363,    -394,   -5279,     -10,   26329,   23319,   -2676,     334,100.0,63.5,1.1,0.9,10.2,49.6,2.4,5.7,31.2,2.0,5.0,0.7,0.0,89.7,87.9,10.3,12.1,122,     11,      5,      4,     11,     37,     11,     16,     34,     16,      5,.,.,62,92,61.6,24.9,72.9,39.7,61.1,24.9,71.3,39.7,"(CONTRACTS OF CAD 100,000)",090741,CME ,90,F10,FutOnly
CANADIAN DOLLAR - CHICAGO MERCANTILE EXCHANGE,240709,2024-07-09,090741,CME ,0,90,257288,157587,9309,1996,29634,116004,6365,10167,77092,5284,14493,7380,86,225612,223516,31676,33772,   -6177,   -8984,    4268,     553,     256,  -11389,     344,     -84,   -2482,     339,    -951,    1895,      -5,   -8532,   -6477,    2355,     300,100.0,61.2,3.6,0.8,11.5,45.1,2.5,4.0,30.0,2.1,5.6,2.9,0.0,87.7,86.9,12.3,13.1,117,      8,      7,.,     12,     34,     12,     12,     31,     14,      6,      7,.,56,91,60.8,19.6,72.8,33.4,60.3,19.6,71.0,33.4,"(CONTRACTS OF CAD 100,000)",090741,CME ,90,F10,FutOnly
CANADIAN DOLLAR - CHICAGO MERCANTILE EXCHANGE,240702,2024-07-02,090741,CME ,0,90,263465,166571,5041,1443,29378,127393,6021,10251,79574,4945,15444,5485,91,234144,229993,29321,33472,  -14972,   -7387,   -1889,     713,   -1271,  -12593,     242,   -7547,      62,    -713,     753,   -1265,     -20,  -15230,  -15463,     258,     491,100.0,63.2,1.9,0.5,11.2,48.4,2.3,3.9,30.2,1.9,5.9,2.1,0.0,88.9,87.3,11.1,12.7,127,      7,      7,.,     12,     34,     11,     15,     37,     13,      8,      7,.,57,97,63.2,21.2,74.6,34.6,62.8,21.2,73.0,34.6,"(CONTRACTS OF CAD 100,000)",090741,CME ,90,F10,FutOnly
CANADIAN DOLLAR - CHICAGO MERCANTILE EXCHANGE,240625,2024-06-25,090741,CME ,0,90,278437,173958,6930,730,30649,139986,5779,17798,79512,5658,14691,6750,111,249374,245456,29063,32981,  -73021,  -20443,    2536,  -55445,    1833,   -9670,      -1,    2356,   -6066,   -3811,    -780,    2696,       6,  -76285,  -69755,    3264,   -3266,100.0,62.5,2.5,0.3,11.0,50.3,2.1,6.4,28.6,2.0,5.3,2.4,0.0,89.6,88.2,10.4,11.8,130,      9,      5,.,     14,     34,     11,     18,     35,     14,      8,      7,.,67,93,59.3,24.0,70.2,36.9,59.3,24.0,69.4,36.8,"(CONTRACTS OF CAD 100,000)",090741,CME ,90,F10,FutOnly
CANADIAN DOLLAR - CHICAGO MERCANTILE EXCHANGE,240618,2024-06-18,090741,CME ,0,90,351458,194401,4394,56175,28816,149656,5780,15442,85578,9469,15471,4054,105,325659,315211,25799,36247,   44071,   42861,  -16021,   55499,  -45841,    8709,     224,   -3620,   -5081,    1951,   -2909,    1004,    -179,   47986,   46106,   -3915,   -2035,100.0,55.3,1.3,16.0,8.2,42.6,1.6,4.4,24.3,2.7,4.4,1.2,0.0,92.7,89.7,7.3,10.3,128,     13,      4,      4,     13,     34,     10,     15,     34,     17,      9,      6,.,68,93,56.7,30.2,71.9,42.1,43.6,21.7,58.2,32.7,"(CONTRACTS OF CAD 100,000)",090741,CME ,90,F10,FutOnly
CANADIAN DOLLAR - CHICAGO MERCANTILE EXCHANGE,240611,2024-06-11,090741,CME ,0,90,307387,151540,20415,676,74657,140947,5556,19062,90659,7518,18380,3050,284,277673,269105,29714,38282,   41626,   34840,   -6705,    -132,   -3824,   22802,     650,    2488,   22853,      32,    5451,    -298,     -65,   39440,   39137,    2186,    2489,100.0,49.3,6.6,0.2,24.3,45.9,1.8,6.2,29.5,2.4,6.0,1.0,0.1,90.3,87.5,9.7,12.5,135,     10,      4,.,     15,     35,     10,     15,     41,     16,     10,      5,.,65,101,44.9,25.4,66.0,39.0,44.9,25.4,65.7,39.0,"(CONTRACTS OF CAD 100,000)",090741,CME ,90,F10,FutOnly
CANADIAN DOLLAR - CHICAGO MERCANTILE EXCHANGE,240604,2024-06-04,090741,CME ,0,90,265761,116700,27120,808,78481,118145,4906,16574,67806,7486,12929,3348,349,238233,229968,27528,35793,    1360,    6130,   -2748,   -2318,     318,    6343,     126,     991,     504,    -627,   -1112,   -2269,    -275,    3233,   -1264,   -1873,    2624,100.0,43.9,10.2,0.3,29.5,44.5,1.8,6.2,25.5,2.8,4.9,1.3,0.1,89.6,86.5,10.4,13.5,124,      9,      7,.,     15,     34,     10,     15,     32,     14,      7,      5,.,59,92,44.0,26.7,65.1,41.2,44.0,26.7,64.8,40.9,"(CONTRACTS OF CAD 100,000)",090741,CME ,90,F10,FutOnly
CANADIAN DOLLAR - CHICAGO MERCANTILE EXCHANGE,240528,2024-05-28,090741,CME ,0,90,264401,110570,29868,3126,78163,111802,4780,15583,67302,8113,14041,5617,624,235000,231232,29401,33169,   29910,   -9550,   25795,    2910,   33939,   -3049,    -253,    1752,   -4126,    2230,   -1492,    3294,     -16,   29520,   26785,     390,    3125,100.0,41.8,11.3,1.2,29.6,42.3,1.8,5.9,25.5,3.1,5.3,2.1,0.2,88.9,87.5,11.1,12.5,124,     11,      7,.,     15,     34,     12,     12,     31,     13,      8,      6,.,62,91,44.2,28.5,62.8,41.4,44.2,28.5,61.7,41.4,"(CONTRACTS OF CAD 100,000)",090741,CME ,90,F10,FutOnly
CANADIAN DOLLAR - CHICAGO MERCANTILE EXCHANGE,240521,2024-05-21,090741,CME ,0,90,234491,120120,4073,216,44224,114851,5033,13831,71428,5883,15533,2323,640,205480,204447,29011,30044,   13651,   13628,     566,       2,    2434,    9688,     209,    1338,    4030,    -774,     264,     264,      31,   17132,   14016,   -3481,    -365,100.0,51.2,1.7,0.1,18.9,49.0,2.1,5.9,30.5,2.5,6.6,1.0,0.3,87.6,87.2,12.4,12.8,128,     12,      5,.,     14,     35,     10,     13,     35,     13,     10,      4,.,62,92,42.9,26.9,58.9,40.6,42.9,26.9,58.9,40.5,"(CONTRACTS OF CAD 100,000)",090741,CME ,90,F10,FutOnly
CANADIAN DOLLAR - CHICAGO MERCANTILE EXCHANGE,240514,2024-05-14,090741,CME ,0,90,220840,106492,3507,214,41790,105163,4824,12493,67398,6657,15269,2059,609,188348,190431,32492,30409,    4132,    2258,   -5996,      -2,    1798,    5616,      49,   -2117,    5853,     831,   -1173,       0,    -285,    1359,    6066,    2773,   -1934,100.0,48.2,1.6,0.1,18.9,47.6,2.2,5.7,30.5,3.0,6.9,0.9,0.3,85.3,86.2,14.7,13.8,116,     11,      5,.,     14,     32,     10,     11,     31,     14,      9,.,.,59,84,44.6,27.1,58.3,40.8,44.6,27.1,58.3,40.7,"(CONTRACTS OF CAD 100,000)",090741,CME ,90,F10,FutOnly
CANADIAN DOLLAR - CHICAGO MERCANTILE EXCHANGE,240507,2024-05-07,090741,CME ,0,90,216708,104234,9503,216,39992,99547,4775,14610,61545,5826,16442,2059,894,186989,184365,29719,32343,    5153,    2153,    4347,      -6,   -1371,    1544,     -31,    3431,     850,     449,    -509,    1628,    -361,    3755,    8420,    1398,   -3267,100.0,48.1,4.4,0.1,18.5,45.9,2.2,6.7,28.4,2.7,7.6,1.0,0.4,86.3,85.1,13.7,14.9,121,     10,      6,.,     13,     33,      9,     14,     32,     11,     10,.,.,57,88,44.8,24.3,58.3,37.6,44.8,24.3,58.3,37.4,"(CONTRACTS OF CAD 100,000)",090741,CME ,90,F10,FutOnly
CANADIAN DOLLAR - CHICAGO MERCANTILE EXCHANGE,240430,2024-04-30,090741,CME ,0,90,211555,102081,5156,222,41363,98003,4806,11179,60695,5377,16951,431,1255,183234,175945,28321,35610,  -15192,  -12491,    2816,       6,      -3,  -15346,      48,   -4721,    -498,     543,    2359,   -1105,     -17,  -14276,  -13553,    -916,   -1639,100.0,48.3,2.4,0.1,19.6,46.3,2.3,5.3,28.7,2.5,8.0,0.2,0.6,86.6,83.2,13.4,16.8,126,      8,      7,.,     14,     32,      9,     14,     39,     11,     11,.,.,57,93,46.1,24.2,60.6,36.6,46.1,24.2,60.5,36.5,"(CONTRACTS OF CAD 100,000)",090741,CME ,90,F10,FutOnly
CANADIAN DOLLAR - CHICAGO MERCANTILE EXCHANGE,240423,2024-04-23,090741,CME ,0,90,226747,114572,2340,216,41366,113349,4758,15900,61193,4834,14592,1536,1272,197510,189498,29237,37249,  -10779,   -3351,     -97,       0,   -2339,   -7280,       7,   -4206,   -4053,   -1236,   -1174,    1105,     -72,  -12371,  -11626,    1592,     847,100.0,50.5,1.0,0.1,18.2,50.0,2.1,7.0,27.0,2.1,6.4,0.7,0.6,87.1,83.6,12.9,16.4,122,      9,      6,.,     14,     30,      9,     15,     35,     13,     11,.,.,61,87,43.2,29.0,57.7,40.6,43.2,29.0,57.6,40.5,"(CONTRACTS OF CAD 100,000)",090741,CME ,90,F10,FutOnly
CANADIAN DOLLAR - CHICAGO MERCANTILE EXCHANGE,240416,2024-04-16,090741,CME ,0,90,237526,117923,2437,216,43705,120629,4751,20106,65246,6070,15766,431,1344,209881,201124,27645,36402,   44562,   33276,    -992,    -423,   -1120,   26133,    -194,    3793,   13880,    3110,    5653,   -1221,      12,   44107,   40305,     455,    4257,100.0,49.6,1.0,0.1,18.4,50.8,2.0,8.5,27.5,2.6,6.6,0.2,0.6,88.4,84.7,11.6,15.3,132,     11,      6,.,     15,     35,      9,     16,     37,     11,     11,.,.,61,95,40.2,25.2,54.5,38.2,40.2,25.2,54.4,38.1,"(CONTRACTS OF CAD 100,000)",090741,CME ,90,F10,FutOnly
CANADIAN DOLLAR - CHICAGO MERCANTILE EXCHANGE,240409,2024-04-09,090741,CME ,0,90,192964,84647,3429,639,44825,94496,4945,16313,51366,2960,10113,1652,1332,165774,160819,27190,32145,   -4207,    6113,    1305,     407,    3166,   -8804,      78,  -10957,    1846,   -1556,    -830,    -552,     -70,   -3649,   -7346,    -558,    3139,100.0,43.9,1.8,0.3,23.2,49.0,2.6,8.5,26.6,1.5,5.2,0.9,0.7,85.9,83.3,14.1,16.7,114,     11,      6,.,     16,     28,     10,     15,     29,     13,      6,.,.,59,82,41.4,24.8,54.9,39.1,41.4,24.6,54.9,38.8,"(CONTRACTS OF CAD 100,000)",090741,CME ,90,F10,FutOnly
CANADIAN DOLLAR - CHICAGO MERCANTILE EXCHANGE,240402,2024-04-02,090741,CME ,0,90,197171,78534,2124,232,41659,103300,4867,27270,49520,4516,10943,2204,1402,169423,168165,27748,29006,    6176,    3587,     136,     -29,     463,    6379,     171,    3282,    1418,     444,   -1758,     570,    -264,    5896,    8825,     280,   -2649,100.0,39.8,1.1,0.1,21.1,52.4,2.5,13.8,25.1,2.3,5.5,1.1,0.7,85.9,85.3,14.1,14.7,115,     11,      5,.,     16,     28,     11,     19,     25,     11,      7,      4,.,64,77,39.3,31.5,52.4,44.9,39.3,31.3,52.3,44.6,"(CONTRACTS OF CAD 100,000)",090741,CME ,90,F10,FutOnly
CANADIAN DOLLAR - CHICAGO MERCANTILE EXCHANGE,240326,2024-03-26,090741,CME ,0,90,190995,74947,1988,261,41196,96921,4696,23988,48102,4072,12701,1634,1666,163527,159340,27468,31655,  -39597,    5393,   -8182,  -36246,     471,   10413,    -138,   -9171,   -6455,     452,   -1040,     -21,     221,  -40058,  -39956,     461,     359,100.0,39.2,1.0,0.1,21.6,50.7,2.5,12.6,25.2,2.1,6.6,0.9,0.9,85.6,83.4,14.4,16.6,110,     10,      4,.,     15,     25,      9,     19,     24,      7,     10,.,.,61,70,40.3,30.4,54.5,42.8,40.3,30.2,54.5,42.5,"(CONTRACTS OF CAD 100,000)",090741,CME ,90,F10,FutOnly
CANADIAN DOLLAR - CHICAGO MERCANTILE EXCHANGE,240319,2024-03-19,090741,CME ,0,90,230592,69554,10170,36507,40725,86508,4834,33159,54557,3620,13741,1655,1445,203585,199296,27007,31296,   37369,    6876,   -1455,   31089,   -6845,    -636,    -516,   15717,   15851,   -8303,    2510,    -369,     -17,   40511,   35644,   -3142,    1725,100.0,30.2,4.4,15.8,17.7,37.5,2.1,14.4,23.7,1.6,6.0,0.7,0.6,88.3,86.4,11.7,13.6,117,     10,      7,      7,     15,     27,     10,     14,     30,      7,     11,.,.,65,79,39.1,28.7,53.1,41.7,33.3,22.1,45.4,30.6,"(CONTRACTS OF CAD 100,000)",090741,CME ,90,F10,FutOnly
CANADIAN DOLLAR - CHICAGO MERCANTILE EXCHANGE,240312,2024-03-12,090741,CME ,0,90,193223,62678,11625,5418,47570,87144,5350,17442,38706,11923,11231,2024,1462,163074,163652,30149,29571,    9526,    3797,     652,    4635,    -373,   -3368,    1089,   -5400,    3412,    5493,   -1617,      19,      75,    7699,   12007,    1827,   -2481,100.0,32.4,6.0,2.8,24.6,45.1,2.8,9.0,20.0,6.2,5.8,1.0,0.8,84.4,84.7,15.6,15.3,105,      9,      5,      5,     14,     29,     11,     17,     19,     11,      8,      4,.,63,72,43.3,23.7,55.6,36.2,41.1,23.0,51.4,34.9,"(CONTRACTS OF CAD 100,000)",090741,CME ,90,F10,FutOnly
CANADIAN DOLLAR - CHICAGO MERCANTILE EXCHANGE,240305,2024-03-05,090741,CME ,0,90,183697,58881,10973,783,47943,90512,4261,22842,35294,6430,12848,2005,1387,155375,151645,28322,32052,   17213,    8287,  -11748,     -31,    -561,   19375,     280,    6261,    4098,    1572,    2600,    -819,     214,   18622,   12941,   -1409,    4272,100.0,32.1,6.0,0.4,26.1,49.3,2.3,12.4,19.2,3.5,7.0,1.1,0.8,84.6,82.6,15.4,17.4,111,      8,      5,.,     16,     29,      9,     15,     25,     12,      9,      4,.,58,78,42.5,22.8,55.4,34.9,42.1,22.6,54.5,34.7,"(CONTRACTS OF CAD 100,000)",090741,CME ,90,F10,FutOnly
CANADIAN DOLLAR - CHICAGO MERCANTILE EXCHANGE,240227,2024-02-27,090741,CME ,0,90,166484,50594,22721,814,48504,71137,3981,16581,31196,4858,10248,2824,1173,136753,138704,29731,27780,    8818,      -9,    1014,     784,     925,    7552,     165,    3920,   -1353,    1735,     497,     553,     262,    8279,   10712,     539,   -1894,100.0,30.4,13.6,0.5,29.1,42.7,2.4,10.0,18.7,2.9,6.2,1.7,0.7,82.1,83.3,17.9,16.7,102,      6,      7,.,     15,     28,      9,     13,     22,     10,      6,      5,.,52,72,47.4,23.3,59.8,36.2,46.9,23.3,57.6,35.8,"(CONTRACTS OF CAD 100,000)",090741,CME ,90,F10,FutOnly
CANADIAN DOLLAR - CHICAGO MERCANTILE EXCHANGE,240220,2024-02-20,090741,CME ,0,90,157666,50603,21707,30,47579,63585,3816,12661,32549,3123,9751,2271,911,128474,127992,29192,29674,   -3853,   -1547,    2221,    -297,     572,    5456,     219,   -1481,   -9198,    -162,    -391,    -332,     285,   -2802,   -1808,   -1051,   -2045,100.0,32.1,13.8,0.0,30.2,40.3,2.4,8.0,20.6,2.0,6.2,1.4,0.6,81.5,81.2,18.5,18.8,100,      6,      8,.,     14,     28,      7,     14,     21,     11,      5,      4,.,50,71,48.5,23.5,58.4,35.6,48.5,23.5,57.3,35.4,"(CONTRACTS OF CAD 100,000)",090741,CME ,90,F10,FutOnly
CANADIAN DOLLAR - CHICAGO MERCANTILE EXCHANGE,240213,2024-02-13,090741,CME ,0,90,161519,52150,19486,327,47007,58129,3597,14142,41747,3285,10142,2603,626,131276,129800,30243,31719,    1401,    1551,   -9248,    -156,   -5696,    1540,     774,    4408,    3561,     794,     190,    -200,      59,    1924,   -2876,    -523,    4277,100.0,32.3,12.1,0.2,29.1,36.0,2.2,8.8,25.8,2.0,6.3,1.6,0.4,81.3,80.4,18.7,19.6,102,      8,      8,.,     14,     22,      6,     13,     28,     11,      5,      4,.,52,72,47.5,21.8,57.1,33.5,47.5,21.8,56.1,33.3,"(CONTRACTS OF CAD 100,000)",090741,CME ,90,F10,FutOnly
CANADIAN DOLLAR - CHICAGO MERCANTILE EXCHANGE,240206,2024-02-06,090741,CME ,0,90,160118,50599,28734,483,52703,56589,2823,9734,38186,2491,9952,2803,567,129352,132676,30766,27442,     742,    1511,   -5832,     297,    6458,    1786,    -165,   -6875,     698,    1068,    -252,     926,     -34,    2008,   -1256,   -1266,    1998,100.0,31.6,17.9,0.3,32.9,35.3,1.8,6.1,23.8,1.6,6.2,1.8,0.4,80.8,82.9,19.2,17.1,103,      7,      7,.,     17,     23,      5,     10,     29,     10,      5,      5,.,51,70,47.6,25.4,58.6,37.0,47.6,25.4,57.5,36.9,"(CONTRACTS OF CAD 100,000)",090741,CME ,90,F10,FutOnly
CANADIAN DOLLAR - CHICAGO MERCANTILE EXCHANGE,240130,2024-01-30,090741,CME ,0,90,159376,49088,34566,186,46245,54803,2988,16609,37488,1423,10204,1877,601,127344,133932,32032,25444,    4238,   -1540,    6948,    -764,    2491,   -1937,    -425,    3347,     923,    -145,     148,    -190,      -5,    3107,    4405,    1131,    -167,100.0,30.8,21.7,0.1,29.0,34.4,1.9,10.4,23.5,0.9,6.4,1.2,0.4,79.9,84.0,20.1,16.0,103,      5,      9,.,     17,     24,      7,     16,     22,      8,      6,      4,.,53,69,45.8,29.1,55.8,40.4,45.8,29.1,54.3,40.3,"(CONTRACTS OF CAD 100,000)",090741,CME ,90,F10,FutOnly
CANADIAN DOLLAR - CHICAGO MERCANTILE EXCHANGE,240123,2024-01-23,090741,CME ,0,90,155138,50628,27618,950,43754,56740,3413,13262,36565,1568,10056,2067,606,124237,129527,30901,25611,  -10860,    1209,   -6218,     294,   -8598,    4236,    -286,   -1309,  -10073,    -319,      25,     212,      93,   -8891,  -12061,   -1969,    1201,100.0,32.6,17.8,0.6,28.2,36.6,2.2,8.5,23.6,1.0,6.5,1.3,0.4,80.1,83.5,19.9,16.5,100,      8,      4,.,     17,     24,      9,     17,     20,      9,      6,      4,.,57,65,47.4,29.5,56.9,41.2,47.4,29.5,55.4,41.0,"(CONTRACTS OF CAD 100,000)",090741,CME ,90,F10,FutOnly
CANADIAN DOLLAR - CHICAGO MERCANTILE EXCHANGE,240116,2024-01-16,090741,CME ,0,90,165998,49419,33836,656,52352,52504,3699,14571,46638,1887,10031,1855,513,133128,141588,32870,24410,   -5559,    -376,   -6436,     650,   -2590,    7798,      92,   -4177,   -7696,       9,    1335,    -181,     -19,   -5076,   -5783,    -483,     224,100.0,29.8,20.4,0.4,31.5,31.6,2.2,8.8,28.1,1.1,6.0,1.1,0.3,80.2,85.3,19.8,14.7,107,      5,      8,.,     19,     23,      9,     15,     25,      9,      8,      4,.,59,69,44.4,27.8,54.4,39.0,44.3,27.8,53.3,38.5,"(CONTRACTS OF CAD 100,000)",090741,CME ,90,F10,FutOnly
CANADIAN DOLLAR - CHICAGO MERCANTILE EXCHANGE,240109,2024-01-09,090741,CME ,0,90,171557,49795,40272,6,54942,44706,3607,18748,54334,1878,8696,2036,532,138204,147371,33353,24186,  -12919,   -1662,    8588,     -70,   -6555,   -3296,     248,   -3695,  -21807,     194,    -938,      21,     -44,  -12522,  -16166,    -397,    3247,100.0,29.0,23.5,0.0,32.0,26.1,2.1,10.9,31.7,1.1,5.1,1.2,0.3,80.6,85.9,19.4,14.1,103,      6,      7,.,     23,     17,      8,     15,     25,      9,      6,      4,.,60,64,42.6,29.9,55.4,41.9,42.6,29.9,54.5,41.5,"(CONTRACTS OF CAD 100,000)",090741,CME ,90,F10,FutOnly
CANADIAN DOLLAR - CHICAGO MERCANTILE EXCHANGE,240102,2024-01-02,090741,CME ,0,90,184476,51457,31684,76,61497,48002,3359,22443,76141,1684,9634,2015,576,150726,163537,33750,20939,    8024,   -3095,   13446,    -314,   10599,   -2619,    -413,    1402,     941,     243,     241,    -583,     -33,    8630,   10668,    -606,   -2644,100.0,27.9,17.2,0.0,33.3,26.0,1.8,12.2,41.3,0.9,5.2,1.1,0.3,81.7,88.6,18.3,11.4,108,      6,      7,.,     23,     19,      9,     16,     24,      8,      9,      4,.,66,64,39.2,31.9,52.2,47.1,39.2,31.9,52.1,47.0,"(CONTRACTS OF CAD 100,000)",090741,CME ,90,F10,FutOnly
